8,1,"zip","zot"
9,1,"zip","zot"
10,1,"zip","zot"
11,1,"zip","zot"
12,1,"zip","zot"
13,1,"zip","zot"
14,1,"zip","zot"
15,1,"zip","zot"
16,1,"zip","zot"
17,1,"zip","zot"
18,1,"zip","zot"
19,1,"zip","zot"
20,1,"zip","zot"
21,1,"zip","zot"
22,1,"zip","zot"
23,1,"zip","zot"
24,1,"zip","zot"
25,1,"zip","zot"
26,1,"zip","zot"
27,1,"zip","zot"
28,1,"zip","zot"
29,1,"zip","zot"
30,1,"zip","zot"
31,1,"zip","zot"
32,1,"zip","zot"
33,1,"zip","zot"
34,1,"zip","zot"
35,1,"zip","zot"
36,1,"zip","zot"
37,1,"zip","zot"
38,1,"zip","zot"
39,1,"zip","zot"
40,1,"zip","zot"
41,1,"zip","zot"
42,1,"zip","zot"
43,1,"zip","zot"
44,1,"zip","zot"
45,1,"zip","zot"
46,1,"zip","zot"
47,1,"zip","zot"
48,1,"zip","zot"
49,1,"zip","zot"
50,1,"zip","zot"
51,1,"zip","zot"
52,1,"zip","zot"
53,1,"zip","zot"
54,1,"zip","zot"
55,1,"zip","zot"
56,1,"zip","zot"
57,1,"zip","zot"
58,1,"zip","zot"
59,1,"zip","zot"
60,1,"zip","zot"
61,1,"zip","zot"
62,1,"zip","zot"
63,1,"zip","zot"
64,1,"zip","zot"
65,1,"zip","zot"
66,1,"zip","zot"
67,1,"zip","zot"
68,1,"zip","zot"
69,1,"zip","zot"
70,1,"zip","zot"
71,1,"zip","zot"
72,1,"zip","zot"
73,1,"zip","zot"
74,1,"zip","zot"
75,1,"zip","zot"
76,1,"zip","zot"
77,1,"zip","zot"
78,1,"zip","zot"
79,1,"zip","zot"
80,1,"zip","zot"
81,1,"zip","zot"
82,1,"zip","zot"
83,1,"zip","zot"
84,1,"zip","zot"
85,1,"zip","zot"
86,1,"zip","zot"
87,1,"zip","zot"
88,1,"zip","zot"
89,1,"zip","zot"
90,1,"zip","zot"
91,1,"zip","zot"
92,1,"zip","zot"
93,1,"zip","zot"
94,1,"zip","zot"
95,1,"zip","zot"
96,1,"zip","zot"
97,1,"zip","zot"
98,1,"zip","zot"
99,1,"zip","zot"
100,1,"zip","zot"
101,1,"zip","zot"
102,1,"zip","zot"
103,1,"zip","zot"
104,1,"zip","zot"
105,1,"zip","zot"
106,1,"zip","zot"
107,1,"zip","zot"
108,1,"zip","zot"
109,1,"zip","zot"
110,1,"zip","zot"
111,1,"zip","zot"
112,1,"zip","zot"
113,1,"zip","zot"
114,1,"zip","zot"
115,1,"zip","zot"
116,1,"zip","zot"
117,1,"zip","zot"
118,1,"zip","zot"
119,1,"zip","zot"
120,1,"zip","zot"
121,1,"zip","zot"
122,1,"zip","zot"
123,1,"zip","zot"
124,1,"zip","zot"
125,1,"zip","zot"
126,1,"zip","zot"
127,1,"zip","zot"
128,1,"zip","zot"
129,1,"zip","zot"
130,1,"zip","zot"
131,1,"zip","zot"
132,1,"zip","zot"
133,1,"zip","zot"
134,1,"zip","zot"
135,1,"zip","zot"
136,1,"zip","zot"
137,1,"zip","zot"
138,1,"zip","zot"
139,1,"zip","zot"
140,1,"zip","zot"
141,1,"zip","zot"
142,1,"zip","zot"
143,1,"zip","zot"
144,1,"zip","zot"
145,1,"zip","zot"
146,1,"zip","zot"
147,1,"zip","zot"
148,1,"zip","zot"
149,1,"zip","zot"
150,1,"zip","zot"
151,1,"zip","zot"
152,1,"zip","zot"
153,1,"zip","zot"
154,1,"zip","zot"
155,1,"zip","zot"
156,1,"zip","zot"
157,1,"zip","zot"
158,1,"zip","zot"
159,1,"zip","zot"
160,1,"zip","zot"
161,1,"zip","zot"
162,1,"zip","zot"
163,1,"zip","zot"
164,1,"zip","zot"
165,1,"zip","zot"
166,1,"zip","zot"
167,1,"zip","zot"
168,1,"zip","zot"
169,1,"zip","zot"
170,1,"zip","zot"
171,1,"zip","zot"
172,1,"zip","zot"
173,1,"zip","zot"
174,1,"zip","zot"
175,1,"zip","zot"
176,1,"zip","zot"
177,1,"zip","zot"
178,1,"zip","zot"
179,1,"zip","zot"
180,1,"zip","zot"
181,1,"zip","zot"
182,1,"zip","zot"
183,1,"zip","zot"
184,1,"zip","zot"
185,1,"zip","zot"
186,1,"zip","zot"
187,1,"zip","zot"
188,1,"zip","zot"
189,1,"zip","zot"
190,1,"zip","zot"
191,1,"zip","zot"
192,1,"zip","zot"
193,1,"zip","zot"
194,1,"zip","zot"
195,1,"zip","zot"
196,1,"zip","zot"
197,1,"zip","zot"
198,1,"zip","zot"
199,1,"zip","zot"
200,1,"zip","zot"
201,1,"zip","zot"
202,1,"zip","zot"
203,1,"zip","zot"
204,1,"zip","zot"
205,1,"zip","zot"
206,1,"zip","zot"
207,1,"zip","zot"
208,1,"zip","zot"
209,1,"zip","zot"
210,1,"zip","zot"
211,1,"zip","zot"
212,1,"zip","zot"
213,1,"zip","zot"
214,1,"zip","zot"
215,1,"zip","zot"
216,1,"zip","zot"
217,1,"zip","zot"
218,1,"zip","zot"
219,1,"zip","zot"
220,1,"zip","zot"
221,1,"zip","zot"
222,1,"zip","zot"
223,1,"zip","zot"
224,1,"zip","zot"
225,1,"zip","zot"
226,1,"zip","zot"
227,1,"zip","zot"
228,1,"zip","zot"
229,1,"zip","zot"
230,1,"zip","zot"
231,1,"zip","zot"
232,1,"zip","zot"
233,1,"zip","zot"
234,1,"zip","zot"
235,1,"zip","zot"
236,1,"zip","zot"
237,1,"zip","zot"
238,1,"zip","zot"
239,1,"zip","zot"
240,1,"zip","zot"
241,1,"zip","zot"
242,1,"zip","zot"
243,1,"zip","zot"
244,1,"zip","zot"
245,1,"zip","zot"
246,1,"zip","zot"
247,1,"zip","zot"
248,1,"zip","zot"
249,1,"zip","zot"
250,1,"zip","zot"
251,1,"zip","zot"
252,1,"zip","zot"
253,1,"zip","zot"
254,1,"zip","zot"
255,1,"zip","zot"
256,1,"zip","zot"
257,1,"zip","zot"
258,1,"zip","zot"
259,1,"zip","zot"
260,1,"zip","zot"
261,1,"zip","zot"
262,1,"zip","zot"
263,1,"zip","zot"
264,1,"zip","zot"
265,1,"zip","zot"
266,1,"zip","zot"
267,1,"zip","zot"
268,1,"zip","zot"
269,1,"zip","zot"
270,1,"zip","zot"
271,1,"zip","zot"
272,1,"zip","zot"
273,1,"zip","zot"
274,1,"zip","zot"
275,1,"zip","zot"
276,1,"zip","zot"
277,1,"zip","zot"
278,1,"zip","zot"
279,1,"zip","zot"
280,1,"zip","zot"
281,1,"zip","zot"
282,1,"zip","zot"
283,1,"zip","zot"
284,1,"zip","zot"
285,1,"zip","zot"
286,1,"zip","zot"
287,1,"zip","zot"
288,1,"zip","zot"
289,1,"zip","zot"
290,1,"zip","zot"
291,1,"zip","zot"
292,1,"zip","zot"
293,1,"zip","zot"
294,1,"zip","zot"
295,1,"zip","zot"
296,1,"zip","zot"
297,1,"zip","zot"
298,1,"zip","zot"
299,1,"zip","zot"
300,1,"zip","zot"
301,1,"zip","zot"
302,1,"zip","zot"
303,1,"zip","zot"
304,1,"zip","zot"
305,1,"zip","zot"
306,1,"zip","zot"
307,1,"zip","zot"
308,1,"zip","zot"
309,1,"zip","zot"
310,1,"zip","zot"
311,1,"zip","zot"
312,1,"zip","zot"
313,1,"zip","zot"
314,1,"zip","zot"
315,1,"zip","zot"
316,1,"zip","zot"
317,1,"zip","zot"
318,1,"zip","zot"
319,1,"zip","zot"
320,1,"zip","zot"
321,1,"zip","zot"
322,1,"zip","zot"
323,1,"zip","zot"
324,1,"zip","zot"
325,1,"zip","zot"
326,1,"zip","zot"
327,1,"zip","zot"
328,1,"zip","zot"
329,1,"zip","zot"
330,1,"zip","zot"
331,1,"zip","zot"
332,1,"zip","zot"
333,1,"zip","zot"
334,1,"zip","zot"
335,1,"zip","zot"
336,1,"zip","zot"
337,1,"zip","zot"
338,1,"zip","zot"
339,1,"zip","zot"
340,1,"zip","zot"
341,1,"zip","zot"
342,1,"zip","zot"
343,1,"zip","zot"
344,1,"zip","zot"
345,1,"zip","zot"
346,1,"zip","zot"
347,1,"zip","zot"
348,1,"zip","zot"
349,1,"zip","zot"
350,1,"zip","zot"
351,1,"zip","zot"
352,1,"zip","zot"
353,1,"zip","zot"
354,1,"zip","zot"
355,1,"zip","zot"
356,1,"zip","zot"
357,1,"zip","zot"
358,1,"zip","zot"
359,1,"zip","zot"
360,1,"zip","zot"
361,1,"zip","zot"
362,1,"zip","zot"
363,1,"zip","zot"
364,1,"zip","zot"
365,1,"zip","zot"
366,1,"zip","zot"
367,1,"zip","zot"
368,1,"zip","zot"
369,1,"zip","zot"
370,1,"zip","zot"
371,1,"zip","zot"
372,1,"zip","zot"
373,1,"zip","zot"
374,1,"zip","zot"
375,1,"zip","zot"
376,1,"zip","zot"
377,1,"zip","zot"
378,1,"zip","zot"
379,1,"zip","zot"
380,1,"zip","zot"
381,1,"zip","zot"
382,1,"zip","zot"
383,1,"zip","zot"
384,1,"zip","zot"
385,1,"zip","zot"
386,1,"zip","zot"
387,1,"zip","zot"
388,1,"zip","zot"
389,1,"zip","zot"
390,1,"zip","zot"
391,1,"zip","zot"
392,1,"zip","zot"
393,1,"zip","zot"
394,1,"zip","zot"
395,1,"zip","zot"
396,1,"zip","zot"
397,1,"zip","zot"
398,1,"zip","zot"
399,1,"zip","zot"
400,1,"zip","zot"
401,1,"zip","zot"
402,1,"zip","zot"
403,1,"zip","zot"
404,1,"zip","zot"
405,1,"zip","zot"
406,1,"zip","zot"
407,1,"zip","zot"
408,1,"zip","zot"
409,1,"zip","zot"
410,1,"zip","zot"
411,1,"zip","zot"
412,1,"zip","zot"
413,1,"zip","zot"
414,1,"zip","zot"
415,1,"zip","zot"
416,1,"zip","zot"
417,1,"zip","zot"
418,1,"zip","zot"
419,1,"zip","zot"
420,1,"zip","zot"
421,1,"zip","zot"
422,1,"zip","zot"
423,1,"zip","zot"
424,1,"zip","zot"
425,1,"zip","zot"
426,1,"zip","zot"
427,1,"zip","zot"
428,1,"zip","zot"
429,1,"zip","zot"
430,1,"zip","zot"
431,1,"zip","zot"
432,1,"zip","zot"
433,1,"zip","zot"
434,1,"zip","zot"
435,1,"zip","zot"
436,1,"zip","zot"
437,1,"zip","zot"
438,1,"zip","zot"
439,1,"zip","zot"
440,1,"zip","zot"
441,1,"zip","zot"
442,1,"zip","zot"
443,1,"zip","zot"
444,1,"zip","zot"
445,1,"zip","zot"
446,1,"zip","zot"
447,1,"zip","zot"
448,1,"zip","zot"
449,1,"zip","zot"
450,1,"zip","zot"
451,1,"zip","zot"
452,1,"zip","zot"
453,1,"zip","zot"
454,1,"zip","zot"
455,1,"zip","zot"
456,1,"zip","zot"
457,1,"zip","zot"
458,1,"zip","zot"
459,1,"zip","zot"
460,1,"zip","zot"
461,1,"zip","zot"
462,1,"zip","zot"
463,1,"zip","zot"
464,1,"zip","zot"
465,1,"zip","zot"
466,1,"zip","zot"
467,1,"zip","zot"
468,1,"zip","zot"
469,1,"zip","zot"
470,1,"zip","zot"
471,1,"zip","zot"
472,1,"zip","zot"
473,1,"zip","zot"
474,1,"zip","zot"
475,1,"zip","zot"
476,1,"zip","zot"
477,1,"zip","zot"
478,1,"zip","zot"
479,1,"zip","zot"
480,1,"zip","zot"
481,1,"zip","zot"
482,1,"zip","zot"
483,1,"zip","zot"
484,1,"zip","zot"
485,1,"zip","zot"
486,1,"zip","zot"
487,1,"zip","zot"
488,1,"zip","zot"
489,1,"zip","zot"
490,1,"zip","zot"
491,1,"zip","zot"
492,1,"zip","zot"
493,1,"zip","zot"
494,1,"zip","zot"
495,1,"zip","zot"
496,1,"zip","zot"
497,1,"zip","zot"
498,1,"zip","zot"
499,1,"zip","zot"
500,1,"zip","zot"
501,1,"zip","zot"
502,1,"zip","zot"
503,1,"zip","zot"
504,1,"zip","zot"
505,1,"zip","zot"
506,1,"zip","zot"
507,1,"zip","zot"
508,1,"zip","zot"
509,1,"zip","zot"
510,1,"zip","zot"
511,1,"zip","zot"
512,1,"zip","zot"
513,1,"zip","zot"
514,1,"zip","zot"
515,1,"zip","zot"
516,1,"zip","zot"
517,1,"zip","zot"
518,1,"zip","zot"
519,1,"zip","zot"
520,1,"zip","zot"
521,1,"zip","zot"
522,1,"zip","zot"
523,1,"zip","zot"
524,1,"zip","zot"
525,1,"zip","zot"
526,1,"zip","zot"
527,1,"zip","zot"
528,1,"zip","zot"
529,1,"zip","zot"
530,1,"zip","zot"
531,1,"zip","zot"
532,1,"zip","zot"
533,1,"zip","zot"
534,1,"zip","zot"
535,1,"zip","zot"
536,1,"zip","zot"
537,1,"zip","zot"
538,1,"zip","zot"
539,1,"zip","zot"
540,1,"zip","zot"
541,1,"zip","zot"
542,1,"zip","zot"
543,1,"zip","zot"
544,1,"zip","zot"
545,1,"zip","zot"
546,1,"zip","zot"
547,1,"zip","zot"
548,1,"zip","zot"
549,1,"zip","zot"
550,1,"zip","zot"
551,1,"zip","zot"
552,1,"zip","zot"
553,1,"zip","zot"
554,1,"zip","zot"
555,1,"zip","zot"
556,1,"zip","zot"
557,1,"zip","zot"
558,1,"zip","zot"
559,1,"zip","zot"
560,1,"zip","zot"
561,1,"zip","zot"
562,1,"zip","zot"
563,1,"zip","zot"
564,1,"zip","zot"
565,1,"zip","zot"
566,1,"zip","zot"
567,1,"zip","zot"
568,1,"zip","zot"
569,1,"zip","zot"
570,1,"zip","zot"
571,1,"zip","zot"
572,1,"zip","zot"
573,1,"zip","zot"
574,1,"zip","zot"
575,1,"zip","zot"
576,1,"zip","zot"
577,1,"zip","zot"
578,1,"zip","zot"
579,1,"zip","zot"
580,1,"zip","zot"
581,1,"zip","zot"
582,1,"zip","zot"
583,1,"zip","zot"
584,1,"zip","zot"
585,1,"zip","zot"
586,1,"zip","zot"
587,1,"zip","zot"
588,1,"zip","zot"
589,1,"zip","zot"
590,1,"zip","zot"
591,1,"zip","zot"
592,1,"zip","zot"
593,1,"zip","zot"
594,1,"zip","zot"
595,1,"zip","zot"
596,1,"zip","zot"
597,1,"zip","zot"
598,1,"zip","zot"
599,1,"zip","zot"
600,1,"zip","zot"
601,1,"zip","zot"
602,1,"zip","zot"
603,1,"zip","zot"
604,1,"zip","zot"
605,1,"zip","zot"
606,1,"zip","zot"
607,1,"zip","zot"
608,1,"zip","zot"
609,1,"zip","zot"
610,1,"zip","zot"
611,1,"zip","zot"
612,1,"zip","zot"
613,1,"zip","zot"
614,1,"zip","zot"
615,1,"zip","zot"
616,1,"zip","zot"
617,1,"zip","zot"
618,1,"zip","zot"
619,1,"zip","zot"
620,1,"zip","zot"
621,1,"zip","zot"
622,1,"zip","zot"
623,1,"zip","zot"
624,1,"zip","zot"
625,1,"zip","zot"
626,1,"zip","zot"
627,1,"zip","zot"
628,1,"zip","zot"
629,1,"zip","zot"
630,1,"zip","zot"
631,1,"zip","zot"
632,1,"zip","zot"
633,1,"zip","zot"
634,1,"zip","zot"
635,1,"zip","zot"
636,1,"zip","zot"
637,1,"zip","zot"
638,1,"zip","zot"
639,1,"zip","zot"
640,1,"zip","zot"
641,1,"zip","zot"
642,1,"zip","zot"
643,1,"zip","zot"
644,1,"zip","zot"
645,1,"zip","zot"
646,1,"zip","zot"
647,1,"zip","zot"
648,1,"zip","zot"
649,1,"zip","zot"
650,1,"zip","zot"
651,1,"zip","zot"
652,1,"zip","zot"
653,1,"zip","zot"
654,1,"zip","zot"
655,1,"zip","zot"
656,1,"zip","zot"
657,1,"zip","zot"
658,1,"zip","zot"
659,1,"zip","zot"
660,1,"zip","zot"
661,1,"zip","zot"
662,1,"zip","zot"
663,1,"zip","zot"
664,1,"zip","zot"
665,1,"zip","zot"
666,1,"zip","zot"
667,1,"zip","zot"
668,1,"zip","zot"
669,1,"zip","zot"
670,1,"zip","zot"
671,1,"zip","zot"
672,1,"zip","zot"
673,1,"zip","zot"
674,1,"zip","zot"
675,1,"zip","zot"
676,1,"zip","zot"
677,1,"zip","zot"
678,1,"zip","zot"
679,1,"zip","zot"
680,1,"zip","zot"
681,1,"zip","zot"
682,1,"zip","zot"
683,1,"zip","zot"
684,1,"zip","zot"
685,1,"zip","zot"
686,1,"zip","zot"
687,1,"zip","zot"
688,1,"zip","zot"
689,1,"zip","zot"
690,1,"zip","zot"
691,1,"zip","zot"
692,1,"zip","zot"
693,1,"zip","zot"
694,1,"zip","zot"
695,1,"zip","zot"
696,1,"zip","zot"
697,1,"zip","zot"
698,1,"zip","zot"
699,1,"zip","zot"
700,1,"zip","zot"
701,1,"zip","zot"
702,1,"zip","zot"
703,1,"zip","zot"
704,1,"zip","zot"
705,1,"zip","zot"
706,1,"zip","zot"
707,1,"zip","zot"
708,1,"zip","zot"
709,1,"zip","zot"
710,1,"zip","zot"
711,1,"zip","zot"
712,1,"zip","zot"
713,1,"zip","zot"
714,1,"zip","zot"
715,1,"zip","zot"
716,1,"zip","zot"
717,1,"zip","zot"
718,1,"zip","zot"
719,1,"zip","zot"
720,1,"zip","zot"
721,1,"zip","zot"
722,1,"zip","zot"
723,1,"zip","zot"
724,1,"zip","zot"
725,1,"zip","zot"
726,1,"zip","zot"
727,1,"zip","zot"
728,1,"zip","zot"
729,1,"zip","zot"
730,1,"zip","zot"
731,1,"zip","zot"
732,1,"zip","zot"
733,1,"zip","zot"
734,1,"zip","zot"
735,1,"zip","zot"
736,1,"zip","zot"
737,1,"zip","zot"
738,1,"zip","zot"
739,1,"zip","zot"
740,1,"zip","zot"
741,1,"zip","zot"
742,1,"zip","zot"
743,1,"zip","zot"
744,1,"zip","zot"
745,1,"zip","zot"
746,1,"zip","zot"
747,1,"zip","zot"
748,1,"zip","zot"
749,1,"zip","zot"
750,1,"zip","zot"
751,1,"zip","zot"
752,1,"zip","zot"
753,1,"zip","zot"
754,1,"zip","zot"
755,1,"zip","zot"
756,1,"zip","zot"
757,1,"zip","zot"
758,1,"zip","zot"
759,1,"zip","zot"
760,1,"zip","zot"
761,1,"zip","zot"
762,1,"zip","zot"
763,1,"zip","zot"
764,1,"zip","zot"
765,1,"zip","zot"
766,1,"zip","zot"
767,1,"zip","zot"
768,1,"zip","zot"
769,1,"zip","zot"
770,1,"zip","zot"
771,1,"zip","zot"
772,1,"zip","zot"
773,1,"zip","zot"
774,1,"zip","zot"
775,1,"zip","zot"
776,1,"zip","zot"
777,1,"zip","zot"
778,1,"zip","zot"
779,1,"zip","zot"
780,1,"zip","zot"
781,1,"zip","zot"
782,1,"zip","zot"
783,1,"zip","zot"
784,1,"zip","zot"
785,1,"zip","zot"
786,1,"zip","zot"
787,1,"zip","zot"
788,1,"zip","zot"
789,1,"zip","zot"
790,1,"zip","zot"
791,1,"zip","zot"
792,1,"zip","zot"
793,1,"zip","zot"
794,1,"zip","zot"
795,1,"zip","zot"
796,1,"zip","zot"
797,1,"zip","zot"
798,1,"zip","zot"
799,1,"zip","zot"
800,1,"zip","zot"
801,1,"zip","zot"
802,1,"zip","zot"
803,1,"zip","zot"
804,1,"zip","zot"
805,1,"zip","zot"
806,1,"zip","zot"
807,1,"zip","zot"
808,1,"zip","zot"
809,1,"zip","zot"
810,1,"zip","zot"
811,1,"zip","zot"
812,1,"zip","zot"
813,1,"zip","zot"
814,1,"zip","zot"
815,1,"zip","zot"
816,1,"zip","zot"
817,1,"zip","zot"
818,1,"zip","zot"
819,1,"zip","zot"
820,1,"zip","zot"
821,1,"zip","zot"
822,1,"zip","zot"
823,1,"zip","zot"
824,1,"zip","zot"
825,1,"zip","zot"
826,1,"zip","zot"
827,1,"zip","zot"
828,1,"zip","zot"
829,1,"zip","zot"
830,1,"zip","zot"
831,1,"zip","zot"
832,1,"zip","zot"
833,1,"zip","zot"
834,1,"zip","zot"
835,1,"zip","zot"
836,1,"zip","zot"
837,1,"zip","zot"
838,1,"zip","zot"
839,1,"zip","zot"
840,1,"zip","zot"
841,1,"zip","zot"
842,1,"zip","zot"
843,1,"zip","zot"
844,1,"zip","zot"
845,1,"zip","zot"
846,1,"zip","zot"
847,1,"zip","zot"
848,1,"zip","zot"
849,1,"zip","zot"
850,1,"zip","zot"
851,1,"zip","zot"
852,1,"zip","zot"
853,1,"zip","zot"
854,1,"zip","zot"
855,1,"zip","zot"
856,1,"zip","zot"
857,1,"zip","zot"
858,1,"zip","zot"
859,1,"zip","zot"
860,1,"zip","zot"
861,1,"zip","zot"
862,1,"zip","zot"
863,1,"zip","zot"
864,1,"zip","zot"
865,1,"zip","zot"
866,1,"zip","zot"
867,1,"zip","zot"
868,1,"zip","zot"
869,1,"zip","zot"
870,1,"zip","zot"
871,1,"zip","zot"
872,1,"zip","zot"
873,1,"zip","zot"
874,1,"zip","zot"
875,1,"zip","zot"
876,1,"zip","zot"
877,1,"zip","zot"
878,1,"zip","zot"
879,1,"zip","zot"
880,1,"zip","zot"
881,1,"zip","zot"
882,1,"zip","zot"
883,1,"zip","zot"
884,1,"zip","zot"
885,1,"zip","zot"
886,1,"zip","zot"
887,1,"zip","zot"
888,1,"zip","zot"
889,1,"zip","zot"
890,1,"zip","zot"
891,1,"zip","zot"
892,1,"zip","zot"
893,1,"zip","zot"
894,1,"zip","zot"
895,1,"zip","zot"
896,1,"zip","zot"
897,1,"zip","zot"
898,1,"zip","zot"
899,1,"zip","zot"
900,1,"zip","zot"
901,1,"zip","zot"
902,1,"zip","zot"
903,1,"zip","zot"
904,1,"zip","zot"
905,1,"zip","zot"
906,1,"zip","zot"
907,1,"zip","zot"
908,1,"zip","zot"
909,1,"zip","zot"
910,1,"zip","zot"
911,1,"zip","zot"
912,1,"zip","zot"
913,1,"zip","zot"
914,1,"zip","zot"
915,1,"zip","zot"
916,1,"zip","zot"
917,1,"zip","zot"
918,1,"zip","zot"
919,1,"zip","zot"
920,1,"zip","zot"
921,1,"zip","zot"
922,1,"zip","zot"
923,1,"zip","zot"
924,1,"zip","zot"
925,1,"zip","zot"
926,1,"zip","zot"
927,1,"zip","zot"
928,1,"zip","zot"
929,1,"zip","zot"
930,1,"zip","zot"
931,1,"zip","zot"
932,1,"zip","zot"
933,1,"zip","zot"
934,1,"zip","zot"
935,1,"zip","zot"
936,1,"zip","zot"
937,1,"zip","zot"
938,1,"zip","zot"
939,1,"zip","zot"
940,1,"zip","zot"
941,1,"zip","zot"
942,1,"zip","zot"
943,1,"zip","zot"
944,1,"zip","zot"
945,1,"zip","zot"
946,1,"zip","zot"
947,1,"zip","zot"
948,1,"zip","zot"
949,1,"zip","zot"
950,1,"zip","zot"
951,1,"zip","zot"
952,1,"zip","zot"
953,1,"zip","zot"
954,1,"zip","zot"
955,1,"zip","zot"
956,1,"zip","zot"
957,1,"zip","zot"
958,1,"zip","zot"
959,1,"zip","zot"
960,1,"zip","zot"
961,1,"zip","zot"
962,1,"zip","zot"
963,1,"zip","zot"
964,1,"zip","zot"
965,1,"zip","zot"
966,1,"zip","zot"
967,1,"zip","zot"
968,1,"zip","zot"
969,1,"zip","zot"
970,1,"zip","zot"
971,1,"zip","zot"
972,1,"zip","zot"
973,1,"zip","zot"
974,1,"zip","zot"
975,1,"zip","zot"
976,1,"zip","zot"
977,1,"zip","zot"
978,1,"zip","zot"
979,1,"zip","zot"
980,1,"zip","zot"
981,1,"zip","zot"
982,1,"zip","zot"
983,1,"zip","zot"
984,1,"zip","zot"
985,1,"zip","zot"
986,1,"zip","zot"
987,1,"zip","zot"
988,1,"zip","zot"
989,1,"zip","zot"
990,1,"zip","zot"
991,1,"zip","zot"
992,1,"zip","zot"
993,1,"zip","zot"
994,1,"zip","zot"
995,1,"zip","zot"
996,1,"zip","zot"
997,1,"zip","zot"
998,1,"zip","zot"
999,1,"zip","zot"
1000,1,"zip","zot"
1001,1,"zip","zot"
1002,1,"zip","zot"
1003,1,"zip","zot"
1004,1,"zip","zot"
1005,1,"zip","zot"
1006,1,"zip","zot"
1007,1,"zip","zot"
1008,1,"zip","zot"
1009,1,"zip","zot"
1010,1,"zip","zot"
1011,1,"zip","zot"
1012,1,"zip","zot"
1013,1,"zip","zot"
1014,1,"zip","zot"
1015,1,"zip","zot"
1016,1,"zip","zot"
1017,1,"zip","zot"
1018,1,"zip","zot"
1019,1,"zip","zot"
1020,1,"zip","zot"
1021,1,"zip","zot"
1022,1,"zip","zot"
1023,1,"zip","zot"
1024,1,"zip","zot"
1025,1,"zip","zot"
1026,1,"zip","zot"
1027,1,"zip","zot"
1028,1,"zip","zot"
1029,1,"zip","zot"
1030,1,"zip","zot"
1031,1,"zip","zot"
1032,1,"zip","zot"
1033,1,"zip","zot"
1034,1,"zip","zot"
1035,1,"zip","zot"
1036,1,"zip","zot"
1037,1,"zip","zot"
1038,1,"zip","zot"
1039,1,"zip","zot"
1040,1,"zip","zot"
1041,1,"zip","zot"
1042,1,"zip","zot"
1043,1,"zip","zot"
1044,1,"zip","zot"
1045,1,"zip","zot"
1046,1,"zip","zot"
1047,1,"zip","zot"
1048,1,"zip","zot"
1049,1,"zip","zot"
1050,1,"zip","zot"
1051,1,"zip","zot"
1052,1,"zip","zot"
1053,1,"zip","zot"
1054,1,"zip","zot"
1055,1,"zip","zot"
1056,1,"zip","zot"
1057,1,"zip","zot"
1058,1,"zip","zot"
1059,1,"zip","zot"
1060,1,"zip","zot"
1061,1,"zip","zot"
1062,1,"zip","zot"
1063,1,"zip","zot"
1064,1,"zip","zot"
1065,1,"zip","zot"
1066,1,"zip","zot"
1067,1,"zip","zot"
1068,1,"zip","zot"
1069,1,"zip","zot"
1070,1,"zip","zot"
1071,1,"zip","zot"
1072,1,"zip","zot"
1073,1,"zip","zot"
1074,1,"zip","zot"
1075,1,"zip","zot"
1076,1,"zip","zot"
1077,1,"zip","zot"
1078,1,"zip","zot"
1079,1,"zip","zot"
1080,1,"zip","zot"
1081,1,"zip","zot"
1082,1,"zip","zot"
1083,1,"zip","zot"
1084,1,"zip","zot"
1085,1,"zip","zot"
1086,1,"zip","zot"
1087,1,"zip","zot"
1088,1,"zip","zot"
1089,1,"zip","zot"
1090,1,"zip","zot"
1091,1,"zip","zot"
1092,1,"zip","zot"
1093,1,"zip","zot"
1094,1,"zip","zot"
1095,1,"zip","zot"
1096,1,"zip","zot"
1097,1,"zip","zot"
1098,1,"zip","zot"
1099,1,"zip","zot"
1100,1,"zip","zot"
1101,1,"zip","zot"
1102,1,"zip","zot"
1103,1,"zip","zot"
1104,1,"zip","zot"
1105,1,"zip","zot"
1106,1,"zip","zot"
1107,1,"zip","zot"
1108,1,"zip","zot"
1109,1,"zip","zot"
1110,1,"zip","zot"
1111,1,"zip","zot"
1112,1,"zip","zot"
1113,1,"zip","zot"
1114,1,"zip","zot"
1115,1,"zip","zot"
1116,1,"zip","zot"
1117,1,"zip","zot"
1118,1,"zip","zot"
1119,1,"zip","zot"
1120,1,"zip","zot"
1121,1,"zip","zot"
1122,1,"zip","zot"
1123,1,"zip","zot"
1124,1,"zip","zot"
1125,1,"zip","zot"
1126,1,"zip","zot"
1127,1,"zip","zot"
1128,1,"zip","zot"
1129,1,"zip","zot"
1130,1,"zip","zot"
1131,1,"zip","zot"
1132,1,"zip","zot"
1133,1,"zip","zot"
1134,1,"zip","zot"
1135,1,"zip","zot"
1136,1,"zip","zot"
1137,1,"zip","zot"
1138,1,"zip","zot"
1139,1,"zip","zot"
1140,1,"zip","zot"
1141,1,"zip","zot"
1142,1,"zip","zot"
1143,1,"zip","zot"
1144,1,"zip","zot"
1145,1,"zip","zot"
1146,1,"zip","zot"
1147,1,"zip","zot"
1148,1,"zip","zot"
1149,1,"zip","zot"
1150,1,"zip","zot"
1151,1,"zip","zot"
1152,1,"zip","zot"
1153,1,"zip","zot"
1154,1,"zip","zot"
1155,1,"zip","zot"
1156,1,"zip","zot"
1157,1,"zip","zot"
1158,1,"zip","zot"
1159,1,"zip","zot"
1160,1,"zip","zot"
1161,1,"zip","zot"
1162,1,"zip","zot"
1163,1,"zip","zot"
1164,1,"zip","zot"
1165,1,"zip","zot"
1166,1,"zip","zot"
1167,1,"zip","zot"
1168,1,"zip","zot"
1169,1,"zip","zot"
1170,1,"zip","zot"
1171,1,"zip","zot"
1172,1,"zip","zot"
1173,1,"zip","zot"
1174,1,"zip","zot"
1175,1,"zip","zot"
1176,1,"zip","zot"
1177,1,"zip","zot"
1178,1,"zip","zot"
1179,1,"zip","zot"
1180,1,"zip","zot"
1181,1,"zip","zot"
1182,1,"zip","zot"
1183,1,"zip","zot"
1184,1,"zip","zot"
1185,1,"zip","zot"
1186,1,"zip","zot"
1187,1,"zip","zot"
1188,1,"zip","zot"
1189,1,"zip","zot"
1190,1,"zip","zot"
1191,1,"zip","zot"
1192,1,"zip","zot"
1193,1,"zip","zot"
1194,1,"zip","zot"
1195,1,"zip","zot"
1196,1,"zip","zot"
1197,1,"zip","zot"
1198,1,"zip","zot"
1199,1,"zip","zot"
1200,1,"zip","zot"
1201,1,"zip","zot"
1202,1,"zip","zot"
1203,1,"zip","zot"
1204,1,"zip","zot"
1205,1,"zip","zot"
1206,1,"zip","zot"
1207,1,"zip","zot"
1208,1,"zip","zot"
1209,1,"zip","zot"
1210,1,"zip","zot"
1211,1,"zip","zot"
1212,1,"zip","zot"
1213,1,"zip","zot"
1214,1,"zip","zot"
1215,1,"zip","zot"
1216,1,"zip","zot"
1217,1,"zip","zot"
1218,1,"zip","zot"
1219,1,"zip","zot"
1220,1,"zip","zot"
1221,1,"zip","zot"
1222,1,"zip","zot"
1223,1,"zip","zot"
1224,1,"zip","zot"
1225,1,"zip","zot"
1226,1,"zip","zot"
1227,1,"zip","zot"
1228,1,"zip","zot"
1229,1,"zip","zot"
1230,1,"zip","zot"
1231,1,"zip","zot"
1232,1,"zip","zot"
1233,1,"zip","zot"
1234,1,"zip","zot"
1235,1,"zip","zot"
1236,1,"zip","zot"
1237,1,"zip","zot"
1238,1,"zip","zot"
1239,1,"zip","zot"
1240,1,"zip","zot"
1241,1,"zip","zot"
1242,1,"zip","zot"
1243,1,"zip","zot"
1244,1,"zip","zot"
1245,1,"zip","zot"
1246,1,"zip","zot"
1247,1,"zip","zot"
1248,1,"zip","zot"
1249,1,"zip","zot"
1250,1,"zip","zot"
1251,1,"zip","zot"
1252,1,"zip","zot"
1253,1,"zip","zot"
1254,1,"zip","zot"
1255,1,"zip","zot"
1256,1,"zip","zot"
1257,1,"zip","zot"
1258,1,"zip","zot"
1259,1,"zip","zot"
1260,1,"zip","zot"
1261,1,"zip","zot"
1262,1,"zip","zot"
1263,1,"zip","zot"
